Action,Tier,Reason,Survivor Company,Survivor City,Survivor Phone,Survivor Stage,Survivor Status,Survivor Activities,Survivor Symphony ID,Survivor DB ID,Loser Company,Loser City,Loser Phone,Loser Stage,Loser Status,Loser Activities,Loser Symphony ID,Loser DB ID
merge,AUTO,same phone + similar name,Sonapa Wine and Grill,New Smyrna Beach,386-402-8647,new_lead,prospect,0,a458e1cf-090f-417c-fe4a-520bcbbba0d7,9ca4f137-d838-493e-a5e7-245ffa95085b,SoNapa Grille,New Smyrna Beach,386-402-8647,new_lead,prospect,0,6df09d28-f26b-e8a6-61c9-54c7fe9ee1c1,02d83c1a-7f06-46fb-ba40-5cf67b28f952
merge,AUTO,same phone + similar name,Sonapa Wine Co,New Smyrna Beach,386-402-8647,new_lead,prospect,0,3812b35e-9027-516d-15c8-520bc8d21a81,f8b16757-183f-4d4e-ba86-d633d22de79e,SoNapa Grille,New Smyrna Beach,386-402-8647,new_lead,prospect,0,6df09d28-f26b-e8a6-61c9-54c7fe9ee1c1,02d83c1a-7f06-46fb-ba40-5cf67b28f952
merge,AUTO,same phone + similar name,Sonapa Wine Co,New Smyrna Beach,386-402-8647,new_lead,prospect,0,3812b35e-9027-516d-15c8-520bc8d21a81,f8b16757-183f-4d4e-ba86-d633d22de79e,Sonapa Wine and Grill,New Smyrna Beach,386-402-8647,new_lead,prospect,0,a458e1cf-090f-417c-fe4a-520bcbbba0d7,9ca4f137-d838-493e-a5e7-245ffa95085b
merge,AUTO,same phone + similar name,Melbourne Seafood Station - Palm Bay,West Melbourne,321-327-3727,new_lead,prospect,0,68f4072e-53dd-ec33-1bec-656791a22729,29a409fa-ec51-4919-9ad1-a6f5bebcb478,Melbourne Seafood Station,West Melbourne,3213273727,new_lead,prospect,0,787ddadb-257a-75dc-09c0-698e64fcc91a,69c9ab92-5cb6-40fe-8a59-f83b04cc5558
merge,AUTO,same phone + similar name,Beef'O'Brady's,Rockledge,321-633-4030,new_lead,prospect,0,474b2a38-f8ca-55c0-1bca-52d41f0f7741,31511607-f3b6-4bcf-9c6c-105566d53fc0,Beef O Brady's,Viera,321-633-4030,qualified,prospect,0,24fdbb02-eb94-d309-c92d-55f18f51a460,7feedfa1-f2de-49b9-b8dd-ec8204af21a9
merge,AUTO,same phone + similar name,Xin Da Chinese Restaurant,Melbourne,321-757-9800,new_lead,prospect,0,b86a6bec-17f7-c6e7-69f3-52d42c28fdc1,d296dce8-8cae-40ff-acd0-ba4e2057d374,Xin Da,Melbourne,3217579800,new_lead,prospect,0,d0369fcc-9b09-b1fd-1258-698e6476794c,2873398a-732b-4f3e-9953-f08189ba4ef9
merge,AUTO,same phone + similar name,Arrowood,Melbourne,3217253500,new_lead,prospect,0,32fd32a3-149c-9804-c7db-698e641286c1,90b434ed-4d09-47bd-b3d0-af04dbba938c,Arrowood Club Office,West Melbourne,3217253500,new_lead,prospect,0,aa2f3c72-6dad-497e-b895-698e64d5acd9,32762fb7-50f0-42a0-8e18-dbf796581d70
merge,AUTO,same phone + similar name,Florida Preparatory Academy,Melbourne,321-723-3211,new_lead,prospect,0,7ac96528-0c1d-cf6f-bd3a-5ace5288c5b4,2b45626d-9755-4b93-8088-aba7f4b1fb29,Florida Prep,Melbourne,3217233211,new_lead,prospect,0,6d20df3c-3e67-b6b1-b2ef-698e644c6f2b,ad239fdd-5ac9-4936-b6a0-0b43083da813
merge,AUTO,same phone + similar name,Wings Things,Palm Bay,321-727-7778,new_lead,prospect,0,44a1b504-5beb-a92e-1aae-52d42cb1ea0e,a6b25dca-09f8-4c55-bce4-9537dc7f2933,Wings & Things Too,Palm Bay,3217277778,new_lead,prospect,0,15326ff6-606e-64eb-7f81-698e64b08bfc,8ac9ca6b-c8b1-4a15-90fe-f0f4f2befa62
merge,AUTO,same phone + similar name,Courtyard Daytona Beach Speedway/Airport,Daytona Beach,386-255-3388,closed_won,customer,0,419032eb-d66c-c75d-d511-6890a3cdfcb1,e209a139-5996-4a59-9ba2-4a1ec9c18477,Courtyard,Daytona Beach,386-255-3388,new_lead,prospect,0,a4a74a2d-f4aa-b4ca-77f5-520bbb71c344,df30db92-e6b9-4f8b-8c14-cff418afa946
merge,AUTO,same phone + similar name,Skewers,Indialantic,321-727-8944,new_lead,prospect,0,b57e3a88-b3c2-4431-fe0a-52d42ac79771,7918d692-041a-4a0f-9ca7-db24a6c53c67,Skewers Grill,Indialantic,3217278944,new_lead,prospect,0,2ef5e4c2-ede3-66e2-8018-698e64b2940b,2040c12e-96d1-4bfb-ac1e-07cbc2e9c7da
merge,AUTO,same phone + similar name,The Social Distance Bar & Grill,Satellite Beach,321-600-4224,new_lead,prospect,0,950b7396-ea7d-95ec-1972-656294da9658,e0c2b652-da33-4dc0-890b-f5fc7ad40db0,Social Distance,Satellite Beach,3216004224,new_lead,prospect,0,3b9fe824-e5bb-a6c3-86bd-698e6483945d,d07d0a1a-2803-468c-a2ed-f107b24076fe
merge,AUTO,same phone + same contact,Mel's Tiki Cafe,Indialantic,321-610-7370,new_lead,customer,0,,a3952d27-c660-4cb9-9947-16dcb990c23b,Tiki Cafe Poke Bowls Breakfast,Indialantic,321-610-7370,new_lead,prospect,0,5d94aa7e-13be-bddb-954b-64497628b7dd,8798ba38-d076-440b-97b6-5f034d1bcc8b
merge,AUTO,same phone + similar name,Tj's For Breakfast,Rockledge,321-631-9806,new_lead,prospect,0,94abfd0f-19fb-3019-0305-52d42b77ac86,14651c45-157d-4b44-853c-6efd492f4202,Tj's For Breakfast Lunch,Rockledge,3216319806,new_lead,prospect,0,9cb2c805-510a-688d-85ab-698e646fe0e3,6cfdcf65-a35c-456e-89c4-66a3e4268201
merge,AUTO,same phone + same contact,Black Tulip,Cocoa,321-631-1133,new_lead,prospect,0,16653280-ad9f-07a4-51c7-52d41f1c8e45,f569300a-fb71-48cb-a31b-fb99bc07ca11,Tulip Restaurant & Lounge,Cocoa,3216311133,new_lead,prospect,0,e89033ee-6b90-ab64-51fa-698e6498b3d1,12e8181a-fe3c-4093-a936-a079d5b5d4b7
merge,AUTO,same phone + similar name,Toyo Sushi & Asian Grill,Melbourne,321-254-8838,new_lead,prospect,0,cc5eed3e-db4d-f01b-d6ba-52d42bcda722,9ff7f5fb-8de5-4177-b16f-777b614b05c1,Toyo Sushi & Asian Cuisine,Melbourne,3212548838,new_lead,prospect,0,e8dc29c2-0c9c-322f-23da-698e64d7cfa3,138fa0ee-8530-4c32-829b-8fbf9ff39ec4
merge,AUTO,same phone + same contact,Smokey Bones BBQ & Grill,Melbourne,321-951-9777,new_lead,prospect,1,7e700e23-f71e-c0e3-9da8-52d42a5f1880,726800bd-9803-4d1c-a182-d799529865d0,Smokey Bones Bar & Fire Grill,Melbourne,321-951-9777,new_lead,prospect,0,d138787f-1b8a-ddc3-91e0-5c61275e16c0,88b8afaf-f757-48aa-88ec-57bcc1f4168e
merge,AUTO,same phone + similar name,Pig & Whistle English Pub,Cocoa Beach,321-799-0724,new_lead,prospect,0,47510e41-153a-733d-adb7-52d4180748ab,3067d6e3-bd43-44ed-af1a-6bafb2cd43f1,Pig & Whistle,Cocoa Beach,3217990724,new_lead,prospect,0,26694c47-55eb-239c-ef87-698e64af0af5,39dee714-5a70-465c-9329-075bee5cfbdd
merge,AUTO,same phone + same contact,Niki's Family Restaurant,Melbourne,321-255-0817,new_lead,prospect,0,8fbc3233-2879-243e-eb38-52d4284934ea,51ff49b5-ebc6-4f27-b551-b393b71cd1d5,Niki's Restaura NT,Melbourne,3212550817,new_lead,prospect,0,465dafa0-3a5e-3d8f-9090-698e63ea24c2,cc8a4d2d-62e2-4e6a-9ad5-e8bfc7b7661d
merge,AUTO,same phone + similar name,Mimmo’s Pizza Ristorante,West Melbourne,321-341-5200,new_lead,prospect,0,ca712126-700f-07fc-7e59-656f4f8adb40,e515fe7c-e6bf-4b1d-9809-7397e29cd06d,Mimmo's Pizza Inc,Melbourne,3213415200,new_lead,prospect,0,53d2b531-e51f-3d72-f015-698e63517550,e5c4e914-c02b-4758-a3e5-aeafe68b85b5
merge,AUTO,same phone + similar name,Meg O'Malley's Restaurant,Melbourne,321-952-5510,new_lead,prospect,0,df60b886-e66c-996a-d23f-52d42725f75e,bc0b89a5-e494-41eb-a5cd-5aec38265fc8,Meg O'Malley's Rstrnt-Irish Pb,Melbourne,3219525510,new_lead,prospect,0,599150b7-fe93-9a51-3c7a-698e633040c5,1a6c7574-f384-4cfd-9e33-9a127cb97212
merge,AUTO,same phone + similar name,Peace In The Garden,Rockledge,321-636-3233,new_lead,prospect,0,6b5c34fa-bbf7-7034-2ab3-52d4290604c7,e12d3d3c-e259-4241-b26c-686f9feadfa4,Peace In The Garden Cafe,Rockledge,3216363233,new_lead,prospect,0,a4bae08f-9a1a-1aa4-5c14-698e6357498b,bcf1621c-7595-44ed-b544-5072a504d965
merge,AUTO,same phone + similar name,Oh Biscuit,Melbourne,321-242-2777,new_lead,prospect,0,7e148245-07f3-3779-c7b5-64497661ee08,2272d745-aeed-4929-b4fb-bb03f1541b96,Oh Biscuit & More,Melbourne,3212422777,new_lead,prospect,0,a79168a0-bab3-2979-8be7-698e63c6e642,d72e49ee-d1d5-4b9f-893b-3c0de15a15b9
merge,AUTO,same phone + similar name,Pho Viet Noodle House,Melbourne,321-837-3737,new_lead,prospect,0,ff9f05df-dd71-1385-097e-56571e4da373,56ff9650-8047-4251-a353-ca76de2790a8,Pho Viet Noodle,Melbourne,3218373737,new_lead,prospect,0,ac49511f-cc6c-1c00-7306-698e6319b1a6,433543b5-1ebf-45fd-afea-4ac483bbfab7
merge,AUTO,same phone + similar name,Niki’s Rainbow Restaurant & Bar Event Room,Satellite Beach,321-773-8696,new_lead,prospect,0,6a2e657c-9401-3dec-7dfa-6562a5aa24d8,2066f078-be5a-4b2f-a71b-82599d3f94ae,Niki's Rainbow Rstrnt & Bar,Satellite Beach,3217738696,new_lead,prospect,0,d88f244d-7c41-0973-fdef-698e63a39503,939ff585-27dc-412e-8a74-5085b3ce922b
merge,AUTO,same phone + similar name,Niki's Rainbow Restaurant,Satellite Beach,321-773-8696,new_lead,prospect,0,84d5044f-5900-4182-9239-52d428975d75,9a45c5f9-3a59-4b5c-92d3-6100ede72fde,Niki's Rainbow Rstrnt & Bar,Satellite Beach,3217738696,new_lead,prospect,0,d88f244d-7c41-0973-fdef-698e63a39503,939ff585-27dc-412e-8a74-5085b3ce922b
merge,AUTO,same phone + similar name,Niki's Rainbow Restaurant,Satellite Beach,321-773-8696,new_lead,prospect,0,84d5044f-5900-4182-9239-52d428975d75,9a45c5f9-3a59-4b5c-92d3-6100ede72fde,Niki’s Rainbow Restaurant & Bar Event Room,Satellite Beach,321-773-8696,new_lead,prospect,0,6a2e657c-9401-3dec-7dfa-6562a5aa24d8,2066f078-be5a-4b2f-a71b-82599d3f94ae
merge,AUTO,same phone + same contact,Murdock's Southern Bistro,Cocoa,321-633-0600,new_lead,prospect,0,58d52c36-09f3-73cc-b732-52d428b7d0dc,252d77b6-14bf-4d20-aa8c-251f0f3af615,Murdocks Bistro,Cocoa,3216330600,new_lead,prospect,0,efc4b2b6-d59c-9c0e-ccc3-698e63b0ceed,2ffef21c-acd0-485f-9595-9cab408e95ea
merge,AUTO,same phone + similar name,Happy Healthy Human,Indian Hrbr Bch,321-779-0077,new_lead,prospect,0,2adfd8a3-8edc-11e5-eaf3-52d4242f3c2f,e2f4cfdf-cad5-4c22-93ad-f6ce25e0020d,Happy Healthy Human Cafe,Indian Hrbr Bch,3217790077,new_lead,prospect,0,1c28f9cc-31b4-5441-baa8-698e630ca01b,7dc69c1e-10a6-4e69-981a-db927ce08df5
merge,AUTO,same phone + same contact,Branos Italian Grill,Cocoa Beach,321-783-6031,new_lead,prospect,0,5d2da15d-e794-b624-6282-52d41f20a453,48cbd973-c00a-4279-9419-fc913c6acd1e,Italian Grill Brano's,Cocoa Beach,3217836031,new_lead,prospect,0,228bb4a9-59d0-161f-6809-698e63ca8377,6d495852-b12f-47ee-ac67-f3b60ae6fbaf
merge,AUTO,same phone + similar name,Great Wall Restaurant,Palm Bay,321-722-3113,new_lead,prospect,0,8fc6b910-c056-73e3-4f6a-52d424a3598c,d12d2db1-d003-4ad5-8b2d-9513ded6ce71,Great Wall,Palm Bay,3217223113,new_lead,prospect,0,29fc9f2d-3fb4-5db4-626e-698e63504ff8,3dbbf1a2-48ae-4fa3-a0fe-eca5f2f6ac06
merge,AUTO,same phone + similar name,Gator's Dockside,DeLand,386-738-1996,new_lead,prospect,0,cce16a38-2ff3-36ce-b70e-614fac6cc7fe,07e4879c-ceae-4f49-95c1-c7a104468f1a,Gator's Dockside Of De Land,Deland,386-738-1996,new_lead,prospect,0,3ca2e658-5ba4-3bb1-c624-520bc29e7121,b27329d5-a834-4adb-8af8-1916bded296d
merge,AUTO,same phone + same contact,Cuban Sandwich,Melbourne,321-768-7889,new_lead,prospect,0,890a781b-ab6f-5d32-c46b-52d422f5f767,bc0bfc98-7d1a-42f4-8fb0-6cb48add574d,LA Cubanita Sandwich,Melbourne,3217687889,new_lead,prospect,0,390d9b45-943b-74a6-ae24-698e6332bf8b,06518d97-42c7-4f07-9752-d190b7561a55
merge,AUTO,same phone + similar name,Makoto's Seafood & Steakhouse,Melbourne,321-724-8751,new_lead,prospect,0,c5555781-f219-3745-e6d2-52d426760dd1,e06138fa-a94b-4a35-8c48-ae655440633d,Makotos,Melbourne,3217248751,new_lead,prospect,0,4f1d4e7f-da1d-ada8-67df-698e635eb9a1,1c7836c7-6a45-4f41-a049-891e903d82fa
merge,AUTO,same phone + similar name,Hong Kong Restaurant,Palm Bay,321-837-1333,new_lead,prospect,0,38d83473-5f42-67e2-901d-52d424b7055d,02449bce-bf08-4de5-bfae-a085f0a9c805,Hong Kong-Palm Bay,Palm Bay,3218371333,new_lead,prospect,0,527bd0d7-b933-29c5-2b33-698e636b67b4,0ca11f67-f600-4771-b219-cf68c852ab76
merge,AUTO,same phone + similar name,Gyros & Mores Greek Restaurant,Melbourne,321-952-9990,new_lead,prospect,0,b9c75b73-50b6-e099-22eb-52d424ec1a34,92d7ea48-e65d-42cf-a955-edb6c79d8ef2,Gyros & Mores Greek Rstrnt II,Melbourne,3219529990,new_lead,prospect,0,743a7af6-f204-0155-bf9d-698e6382e01d,f1486b4c-e947-4d45-993e-ae3f49784aea
merge,AUTO,same phone + similar name,Long Doggers,Indialantic,321-725-1115,new_lead,prospect,0,745fe2a3-2658-c353-bde0-52d426c49d59,8aba5ebb-dc61-41a3-ac90-8416eeb27200,Long Doggers-Indialantic,Indialantic,3217251115,new_lead,prospect,0,92bb1f03-2c07-33f9-7933-698e6310b39f,b00426c9-008a-4f70-9305-f8cb16b571a4
merge,AUTO,same phone + similar name,Kelly’s Burgers & Beer,Melbourne,321-610-4580,new_lead,prospect,0,8d96d03c-1394-68c2-cddf-6449764fb83a,bbb470e1-7065-433b-8c25-be2ba467b464,Kellys,Melbourne,3216104580,new_lead,prospect,0,997b799c-7759-00d8-2b60-698e6308b79b,958dbe6d-0417-4bde-a68f-87296b873862
merge,AUTO,same phone + similar name,Gregory's Steak & Seafood,Cocoa Beach,321-799-2557,new_lead,prospect,0,dd2fd2b0-14cc-ba77-3bc0-52d42428ec2b,377c2e3f-73e0-4e33-87b6-de4be9376d00,Gregory's Steak-Seafood Grille,Cocoa Beach,3217992557,new_lead,prospect,0,cc943cdc-35fe-adf5-7b7c-698e636aa345,1c61583c-0d80-48c3-b141-226ff4043051
merge,AUTO,same phone + same contact,B J B K Restaurant Corp,Cocoa Beach,321-799-2557,new_lead,prospect,0,5fdb0817-5457-b4e7-13ad-5555c76a5f5e,7b44f7a0-a1de-4df9-952a-e011d6c1c215,Gregory's Steak-Seafood Grille,Cocoa Beach,3217992557,new_lead,prospect,0,cc943cdc-35fe-adf5-7b7c-698e636aa345,1c61583c-0d80-48c3-b141-226ff4043051
merge,AUTO,same phone + same contact,Gregory's Steak & Seafood,Cocoa Beach,321-799-2557,new_lead,prospect,0,dd2fd2b0-14cc-ba77-3bc0-52d42428ec2b,377c2e3f-73e0-4e33-87b6-de4be9376d00,B J B K Restaurant Corp,Cocoa Beach,321-799-2557,new_lead,prospect,0,5fdb0817-5457-b4e7-13ad-5555c76a5f5e,7b44f7a0-a1de-4df9-952a-e011d6c1c215
merge,AUTO,same phone + same contact,Grills River Side,Melbourne,321-242-8999,new_lead,prospect,0,319cdb57-731d-72f6-83e5-52d424c513e2,ce8c7350-7a38-46b7-825e-1bca2ab62746,Grills Riverside Seafood Deck,Melbourne,3212428999,new_lead,prospect,0,e8ef09ec-c9c2-7316-4419-698e6318f617,05a864a9-aa4d-40ac-b16a-dc0f88b8fbd2
merge,AUTO,same phone + similar name,Jade Palace Chinese Restaurant,Indian Hrbr Bch,321-777-7878,new_lead,prospect,0,10f90853-906c-dda8-840e-52d425b2b7e4,a7e94058-7ed6-4123-b528-5c904d29ead8,Jade Palace,Indian Hrbr Bch,3217777878,new_lead,prospect,0,f3cd4213-5bd6-a43b-d657-698e636711c8,02119e0c-6f70-46f9-850e-637d2a94b812
merge,AUTO,same phone + similar name,Ichabod's Bar & Grille,Indialantic,321-777-0214,new_lead,prospect,0,ed8fa286-d4d7-d6ee-a30e-52d418d52fb3,68689eb7-5b58-4b7a-affb-d902db625289,Ichabod's Bar and grill,Indialantic,321-777-0214,new_lead,prospect,0,8f8630b7-70d1-ad29-1ea9-56781af8e870,24cb3611-5580-402a-ba0e-0dde7d6c9c45
merge,AUTO,same phone + similar name,Ichabod's Bar & Grille,Indialantic,321-777-0214,new_lead,prospect,0,ed8fa286-d4d7-d6ee-a30e-52d418d52fb3,68689eb7-5b58-4b7a-affb-d902db625289,Ichabod's Indialantic,Indialantic,321-777-0214,new_lead,prospect,0,c76f334f-61aa-5b00-c2af-561415a7260f,9c1ea2e7-0ec0-49dc-bed0-d4c76ba7d0e5
merge,AUTO,same phone + similar name,Peach Valley Cafe,Ormond Beach,386-615-0096,new_lead,prospect,0,ba68918c-de55-a63e-3a45-520bb7ae537f,959570db-7dff-44a1-a46c-4365017271df,Peach Valley,Ormond Beach,386-615-0096,new_lead,prospect,0,19ea0baa-d435-2498-bc0a-5834a002c6e9,d3089303-7137-4cd1-96ca-9b7c4dda1fa9
merge,AUTO,same phone + same contact,Ethel & Fred's Family Rstrnt,West Melbourne,321-725-6855,new_lead,prospect,0,b9efd842-7603-65b7-165f-52d422f95fe3,d0e6b1bc-a92d-4960-84ed-7a86ef9a8607,Ethel & Fred's Entree Rstrnt,West Melbourne,3217256855,new_lead,prospect,0,28887f97-9e9f-1eee-dcf4-698e6311adbf,eb38a439-4f4d-4a49-a7e2-067d512c21e7
merge,AUTO,same phone + similar name,El Indio Restaurant,Melbourne,321-728-7200,new_lead,prospect,0,6f839f92-9b77-b643-11cc-52d422cc6538,8becb0ed-6e8c-434b-a2a1-14f49c4ddfaa,El Indio Mexican Restaurant,Melbourne,3217287200,new_lead,prospect,0,30b6fa0f-80c0-bba6-22ec-698e6314fe9e,802eabb5-6477-40bc-ba95-3c14383ee256
merge,AUTO,same phone + similar name,Da KINE Diego's Insane Burrito,Satellite Beach,321-779-8226,new_lead,prospect,0,874eb7e3-9ea7-e753-24d9-52d4222119c6,12e55bc0-1691-42f7-bed9-43ae10758275,Da Kine Diego's,Satellite Beach,321-779-8226,new_lead,prospect,0,2625781c-131c-152e-02e5-55f9a44a31b6,00d80c7a-bd33-46f5-a57f-187e3947b8ba
merge,AUTO,same phone + similar name,Jersey Brothers Diner,Palm Bay,321-676-1200,closed_won,customer,0,8440b197-91ac-11e2-bc57-66ce61efd33d,6bdf0be3-f01a-4866-b792-4b5bd9620efc,jersey brother diner,palm bay,321-676-1200,new_lead,prospect,0,b4e9ae8f-c9c3-a415-9242-647627c7b4d8,155ddd0f-e74f-4574-9a1a-46a9c1de3d7f
merge,AUTO,same phone + similar name,Charlie & Jake's Barbecue,Indian Hrbr Bch,321-777-7675,new_lead,prospect,0,a5e6b9a6-c2e0-9ca8-d501-52d420ae4017,870cae66-35ff-45cd-9262-b0734b4bb2bd,Charlie & Jake's Barbecue Restaurant,Indian Harbour Beach,321-777-7675,new_lead,prospect,0,eaeb3230-94f2-d5df-353e-549987b1ea18,7b724d50-56e7-4f5a-a66b-c3b8c8e51051
merge,AUTO,same phone + same contact,Charlie & Jake's Brewery,Melbourne,321-752-7675,new_lead,prospect,0,7ac753d3-7893-94be-80bc-52d420339d95,ced767cb-902c-4376-9c5a-b464f6f300ff,Charlie-Jake's Brewery-Grill,Melbourne,3217527675,new_lead,prospect,0,8c1392a0-b646-24c4-60bc-698e631465fc,727921da-6956-435c-b10c-309a51ab1928
merge,AUTO,same phone + similar name,El Tucan Restaurant,Merritt Island,321-453-7501,new_lead,prospect,0,4130a252-6975-3155-dfdb-52d422f6c70b,77a66034-f77a-4f88-a06e-bce88b9e5b37,El Tucan,Merritt Island,3214537501,new_lead,prospect,0,bb18744d-666a-8ac4-ad07-698e63475704,d744f539-c6ca-4e97-897c-ff100751a701
merge,AUTO,same phone + similar name,Hemingway's Tavern,Melbourne,321-802-9648,new_lead,prospect,0,92c5011e-ae7d-7c5f-447d-6449760d221e,3076fa17-aac3-4671-8fed-478ede039a0b,Cafecito At Hemingway's Tavern,Melbourne,3218029648,new_lead,prospect,0,cc5558fb-4ca9-4668-459a-698e6339ee23,e4c18493-f7c7-4a69-a15b-388315ba6aae
merge,AUTO,same phone + similar name,El Chico Cafe,Melbourne,321-722-4622,new_lead,prospect,0,abd3efda-8f2c-bbb1-4b9f-52d422d8ac25,a78d18e6-d53e-49ba-9cc1-47f19b4089f9,El Chico,Melbourne,3217224622,new_lead,prospect,0,ce848f6e-6c69-0d26-1518-698e631951b1,36700843-89bb-43f8-9839-2ac31ea498d0
merge,AUTO,same phone + same contact,Djon's,Melbourne Beach,321-722-2737,new_lead,prospect,0,474c7d71-93b0-2ce6-7c93-52d422b5898b,76bbc9a5-3a91-445c-91fc-ed7f3a78679c,Djon's Steak & Lobster House,Melbourne Beach,3217222737,new_lead,prospect,0,ee312831-24fd-4629-40d2-698e63ff29e6,b0ebca09-d3f4-423a-bd2d-576309423b1a
merge,AUTO,same phone + same contact,The Irish Pub & Eatery,Titusville,321-264-0311,new_lead,prospect,0,3d720b7f-fa19-a282-bf4d-54c117710852,cd1c0717-9926-4b6a-b9da-e2c781a64913,Irish Pub & Fish & Chips Inc,Titusville,321-264-0311,new_lead,prospect,0,43235fa3-5253-7b76-421d-52d417176810,9664757d-a277-4b7b-8897-989116135f27
merge,AUTO,same phone + similar name,Bubbakoo's,Palm Bay,321-622-6950,new_lead,prospect,0,bf31d755-0f88-c58b-f8b3-61816c8c2ebd,cb08c7e6-26b6-41ce-bdbd-c28ae9ec6040,Bubbakoo's Burritos,Melbourne,3216226950,new_lead,prospect,0,34b29576-7b19-e5b2-6601-698e635f41f2,14d88dab-bd0c-4dc8-9967-f585d8d8008b
merge,AUTO,same phone + similar name,Cafe Margaux Restaurant,Cocoa,321-639-8343,new_lead,prospect,0,96ae20dc-f065-6a45-ec6b-52d420c45a98,86120d94-05ba-4c23-9306-1d868e20e150,Cafe Margaux,Cocoa,321-639-8343,new_lead,prospect,0,bd0e6411-1a60-860f-2a5e-549984628dc2,5d694d02-2024-472f-a0a1-99b4ae01aef7
merge,AUTO,same phone + similar name,Bella Luna Restaurant,Melbourne,321-254-4455,new_lead,prospect,0,9890dd5a-9beb-ad61-6db8-52d41fd84dc2,ae02f081-5005-4f8c-8266-1503357e67af,Bella Luna Restaurant & Pizza,Melbourne,3212544455,new_lead,prospect,0,a290f48f-f0a7-ee25-8bbb-698e63c631f5,8c056820-3685-4fec-890f-12516705397d
merge,AUTO,same phone + similar name,Tropical Living Club,Merritt Island,321-452-7644,new_lead,prospect,0,574b0b4a-b313-b2d8-e383-52d41ee3e93b,71b92d68-6d18-4b60-b06d-bd1f808299ca,Tropical Living,Merritt Island,3214527644,new_lead,prospect,0,c3bdb51e-0d2b-a85a-d161-698e636cda61,02e95994-02a3-4f6c-ad4f-f3c3246e36d6
merge,AUTO,same phone + similar name,Bunky's Raw Bar & Brewery.,Melbourne,(321) 777-2526,new_lead,prospect,0,95fd008f-ff4f-a918-c224-68700a289b25,6a9c6e94-f363-4458-b78f-2c311e3b23bd,Bunky's Raw Bar & Grill,Indialantic,3217772526,new_lead,prospect,0,d6de57fa-2728-bb43-3bad-698e63011b98,7c17f1c5-2cce-4f9f-b613-ab3814a7abe9
merge,AUTO,same phone + similar name,Bunky's Raw Bar,Satellite Beach,321-777-2526,new_lead,prospect,0,b7cc97a9-2649-8f3f-415f-5c61278d041f,f4f1e380-b579-4b34-b769-5c0beaed2e0b,Bunky's Raw Bar & Grill,Indialantic,3217772526,new_lead,prospect,0,d6de57fa-2728-bb43-3bad-698e63011b98,7c17f1c5-2cce-4f9f-b613-ab3814a7abe9
merge,AUTO,same phone + same contact,Bunky's Seafood Grille & Raw,Indialantic,321-777-2526,new_lead,prospect,0,76e38641-6099-cf63-3421-52d41ff05778,90ccc665-25c6-4f81-b6c8-5b8b7e8f46e9,Bunky's Raw Bar & Grill,Indialantic,3217772526,new_lead,prospect,0,d6de57fa-2728-bb43-3bad-698e63011b98,7c17f1c5-2cce-4f9f-b613-ab3814a7abe9
merge,AUTO,same phone + similar name,Bunky's Raw Bar,Satellite Beach,321-777-2526,new_lead,prospect,0,b7cc97a9-2649-8f3f-415f-5c61278d041f,f4f1e380-b579-4b34-b769-5c0beaed2e0b,Bunky's Raw Bar & Brewery.,Melbourne,(321) 777-2526,new_lead,prospect,0,95fd008f-ff4f-a918-c224-68700a289b25,6a9c6e94-f363-4458-b78f-2c311e3b23bd
merge,AUTO,same phone + same contact,Bunky's Seafood Grille & Raw,Indialantic,321-777-2526,new_lead,prospect,0,76e38641-6099-cf63-3421-52d41ff05778,90ccc665-25c6-4f81-b6c8-5b8b7e8f46e9,Bunky's Raw Bar,Satellite Beach,321-777-2526,new_lead,prospect,0,b7cc97a9-2649-8f3f-415f-5c61278d041f,f4f1e380-b579-4b34-b769-5c0beaed2e0b
merge,AUTO,same phone + similar name,Bunky's Seafood Grille & Raw,Indialantic,321-777-2526,new_lead,prospect,0,76e38641-6099-cf63-3421-52d41ff05778,90ccc665-25c6-4f81-b6c8-5b8b7e8f46e9,Bunky's Seafood Grille,Indialantic,321-777-2526,qualified,prospect,0,de4e3dc1-fe3e-f9ff-f55b-5614142d2def,64e8f686-1ad9-463d-b1c7-604716e92702
merge,AUTO,same phone + similar name,Cibelli's Pizza,Satellite Beach,321-777-3339,new_lead,prospect,0,671298e3-808b-0612-5ce8-55f9a333eeeb,654748e5-4b36-4c27-939b-2ae19296d1c8,Cibelli's Pizza Republic,Satellite Beach,3217773339,new_lead,prospect,0,18480b8e-c6db-b03d-6348-698e63012230,f35f1554-f2a8-4ffc-8416-619a5a84fe25
merge,AUTO,same phone + similar name,Heidelberg Restaurant,Cocoa Beach,321-783-6806,new_lead,prospect,0,354c1c3e-967d-1203-50b4-52d41cf6e01b,eb71dbc8-177e-44f4-90e1-a6feaf8efb20,Heidelberg Restaurant Cocoa,Cocoa Beach,3217836806,new_lead,prospect,0,442005f3-86ef-d448-fbd3-698e621690b2,dcecc468-e94c-4d38-ad51-3263efd66ea7
merge,AUTO,same phone + similar name,LA Casa Assisted Living,Merritt Island,321-449-8880,new_lead,prospect,0,7af7745b-ccd8-9fb5-f3a1-52d41d4819dd,5b13a58f-4d78-45b7-b6de-fb0348567f71,LA Casa Assisted Living-Memory,Merritt Island,3214498880,new_lead,prospect,0,4831f566-2344-99a4-ae11-698e63b1cf78,eb44b756-e51d-44c5-b868-9d4725e2e894
merge,AUTO,same phone + same contact,Ryan's Village Pizza,Cocoa,(321) 634-5555,new_lead,prospect,0,c537c25c-57f5-e1fc-dac2-53275288a514,f10da257-3ecc-44dd-b9e9-ab09551f07b3,Ryan's Pizza & Pub,Cocoa,321-634-5555,new_lead,prospect,0,f27bc16e-eca7-8cce-5088-6449753321cf,b225d30f-44fb-4dd1-85d8-da79507b5c81
merge,AUTO,same phone + same contact,Atlantic Shores Nursing,Melbourne,321-953-2219,new_lead,prospect,0,d1729915-2556-da9c-4fc1-52d41cb5b9b3,7b3cb344-5c3a-4303-bbb0-4cff82798d02,Atlantic Shores Nurse & Rehab,Melbourne,3219532219,new_lead,prospect,0,921e103b-b6c4-0365-7b21-698e631846b9,b90780d0-5d59-4c35-8dd0-a2591fd365da
merge,AUTO,same phone + similar name,Holmes Regional Medical Ctr,Melbourne,321-434-7000,new_lead,prospect,0,64de2bfd-7ced-cc4b-1849-52d41bcd0078,b949c7e6-867f-421f-b6db-d6dd307e0b03,Holmes Regional Med Ctr Inc,Melbourne,3214347000,new_lead,prospect,0,ade2bf06-1625-2c2a-d4fd-698e627ddb81,70ad7df3-5395-436f-97f0-17760c657532
merge,AUTO,same phone + similar name,Four Points,Cocoa Beach,321-783-8717,new_lead,prospect,0,550563eb-9f15-906b-05e1-52d41c6aff53,dcebbc51-5d24-402a-8cad-2f70d488949d,Four Points By Sheraton Cocoa,Cocoa Beach,3217838717,new_lead,prospect,0,1121ffcf-ea2c-d09d-59e8-698e620f9e4c,5e256e63-6f87-429b-8dbf-affdce8651a4
merge,AUTO,same phone + same contact,Courtyard By Marriott,Melbourne,321-724-6400,new_lead,prospect,0,4e42f773-b338-58f8-4420-644975b0abfb,6ec8f755-a8c0-490c-9965-bae98a988f9b,Courtyard Melbourne West,Melbourne,3217246400,new_lead,prospect,0,49ff853a-bbe0-6aff-73c2-698e620d2ae1,2cb5d847-9c29-4e8d-bab6-6a005c7562e3
merge,AUTO,same phone + similar name,Hilton Garden Inn Cocoa Beach Oceanfront (was a Doubletree),Cocoa Beach,321-783-9222,new_lead,prospect,0,b3488299-942c-747b-5152-52d41b5cf536,063636b4-e194-4e9d-afc9-4fbb74fac6c7,Hilton Garden Inn Cocoa Beach,Cocoa Beach,3217839222,new_lead,prospect,0,56e4d844-8507-caca-f815-698e624eb5e2,04aafea9-569a-4bce-994d-6a972b7758e1
merge,AUTO,same phone + same contact,Funnel King,Palm Bay,(505) 400-7102,closed_won,customer,0,bdeff954-cc1f-0ff1-5e4c-55b53312b554,aed74d16-1311-4dec-9a09-a831e8212b7f,Renningers Super Flea Market,Melbourne,505-400-7102,new_lead,prospect,0,c853a899-470a-48f2-8b1e-554784fb20f8,3d1de8a8-375a-4474-9e81-e0ea237efabe
merge,AUTO,same phone + similar name,Asian Grocery,Melbourne,321-722-5000,new_lead,prospect,0,e4012dc6-75da-ead4-78d7-52d419967bd7,ce7a1eb2-3ea1-4651-af02-10418321d464,Asian Grocery & Liquor Inn,Melbourne,3217225000,new_lead,prospect,0,517f2497-58a5-3558-8ca3-698e624830b4,16c7a40f-2f50-4392-9168-6f78422f06ce
merge,AUTO,same phone + same contact,Visiting Angels Living Assstnc,Melbourne,321-953-8730,new_lead,prospect,0,1d8d05b4-2f60-26d9-6299-644975ba7138,6e259c10-dc20-431a-bb14-3d24ef566eba,Visiting Angels Senior Hm Care,Melbourne,3219538730,new_lead,prospect,0,9abb4435-be71-a5b2-0fdd-698e620efeca,0a18235a-3d21-475b-a527-f8bb14197e70
merge,AUTO,same phone + similar name,Beachside Produce,Indialantic,321-722-0027,new_lead,prospect,0,67e2a08a-c305-b5f8-60e2-5c612753c386,d2d41d4e-caa1-4159-8b49-7740af200c81,Beachside Produce Market,Indialantic,3217220027,new_lead,prospect,0,d930103f-1aa6-fb21-6d36-698e6272a64d,7d6e69c6-ef98-4687-a1c8-0e6fe596b3af
merge,AUTO,same phone + similar name,Anaya Coffee,Melbourne,321-428-3860,new_lead,prospect,0,4c48c348-0dac-4d8c-2422-6449756dbafd,f09c7e25-d2da-45b6-ae04-fcfae5e12eb7,Anaya Coffee Roasters Inc,Indialantic,3214283860,new_lead,prospect,0,69ad7a01-8c19-8552-e8a3-698e62ef0bd3,6ffe0bf9-553a-43ba-a2de-094a2550d65b
merge,AUTO,same phone + same contact,Clyde Oliver Ministries,Melbourne,3212595962,new_lead,prospect,0,7cd2f084-68fa-db39-ae43-698e616b5a8e,4bbb7af3-a7c2-4af7-bdda-a7ce1004042a,Maranatha Christian Ctr,Melbourne,3212595962,new_lead,prospect,0,cd38979d-2d06-fe19-2c7e-698e61543431,b08176af-3ce0-41bf-97bc-420379acbe58
merge,AUTO,same phone + similar name,Papa Vito's Italian Restaurant,Cape Canaveral,321-784-0050,new_lead,prospect,0,a24f0f7b-ae6d-1553-27a6-644975eb66a7,115d50b9-0c4d-4df0-8cec-f0eac1ab2565,Papa Vito's,Merritt Island,(321) 784-0050,new_lead,prospect,0,57124ef9-6bd4-8cd2-db72-695829306df1,5c09c6fc-24bb-44e9-9d53-e9be8daba49f
merge,AUTO,same phone + similar name,Big Daddy J’s 5 Great Things,Cocoa Beach,720-480-8256,closed_won,prospect,0,5be13f6f-e603-770d-209c-6818ce6dd88b,5bdf91dc-7dab-468f-858b-b08762e87e2e,Big Daddy J's,Cocoa Beach,720-480-8256,new_lead,prospect,0,5cac846d-57ac-2475-93ed-6893fa4be10f,97fd945d-cf6a-4785-b305-f47fde7cbe6f
merge,AUTO,same phone + similar name,Milliken's Reef Restaurant,Cape Canaveral,321-783-0100,closed_lost,prospect,0,f1c7aefc-59a0-c5ab-c667-52d4273a2651,a8e53b9d-5526-4277-9896-19dfb3731adc,Milliken's Reef,Cape Canaveral,321-783-0100,new_lead,prospect,0,739aa8c0-22ce-5481-fa74-55b52d8f84e9,42567e39-6bf9-4d22-8a29-31949efdb7b0
merge,AUTO,same phone + similar name,Orleans Bistro and Bar,Titusville,321-567-7567,qualified,prospect,0,54bc06d5-238d-f4f9-8312-68543e968955,d4050891-b1a7-4da7-be42-e9a425d275bd,Orleans Bistro & Bar,Titusville,321-567-7567,new_lead,prospect,0,12590a03-6d14-3e6a-0f13-644975afd0f5,4f0a7a23-4f53-4266-9b30-45f619515b1b
merge,AUTO,same phone + same contact,Viera Complex Food Services Inc.,Melbourne,954-540-8620,closed_won,prospect,0,eefa03bf-09d0-6a28-5f29-5f1dd18e5e4e,5a0909f2-eae7-405a-ada8-541cd7b01265,TNT BBQ,Melbourne,954-540-8620,new_lead,prospect,0,e28ed727-e3e1-4bf1-99ba-8a324472f0e3,7099cdbb-de20-4437-90f2-3eb52b161a8b
merge,AUTO,same phone + same contact,Melbourne Regional Medical Center,Melbourne,978-317-2389,new_lead,prospect,0,e85c3989-8179-9687-ad19-5cf7d29ad9c2,7b336fe9-1740-40bb-a6e0-95ca145520de,Rockledge Medical Center,Rockledge,978-317-2389,new_lead,prospect,0,6d2d75d6-0aac-3353-140c-5cf7d6dec073,54212785-bba5-40fa-8d76-50721620267a
merge,AUTO,same phone + same contact,The Town Square Assisted Living Facility,Viera,978-317-2389,new_lead,prospect,0,39524076-681d-78ff-d732-5cf7d4a4530b,abf41d63-352d-4331-9b4a-31f34f50564b,Rockledge Medical Center,Rockledge,978-317-2389,new_lead,prospect,0,6d2d75d6-0aac-3353-140c-5cf7d6dec073,54212785-bba5-40fa-8d76-50721620267a
merge,AUTO,same phone + same contact,Melbourne Regional Medical Center,Melbourne,978-317-2389,new_lead,prospect,0,e85c3989-8179-9687-ad19-5cf7d29ad9c2,7b336fe9-1740-40bb-a6e0-95ca145520de,The Town Square Assisted Living Facility,Viera,978-317-2389,new_lead,prospect,0,39524076-681d-78ff-d732-5cf7d4a4530b,abf41d63-352d-4331-9b4a-31f34f50564b
merge,AUTO,same phone + similar name,Ice House Grill - Titusville,Titusville,321-225-8934,new_lead,prospect,0,abc7f5ba-4d94-7c33-5399-68543ed2a6a6,60f4c253-771a-4fd5-b71c-699e4b67f0bf,Ice House Grill,Titusville,321-225-8934,new_lead,prospect,0,e7318e97-6ff6-6e6a-73c7-6449761f7bd5,63050471-e9c3-498f-a957-1bc38b4a52ec
merge,AUTO,same phone + same contact,Viera Hospital,Viera,321-434-9375,closed_won,customer,0,1d353ceb-6b53-7e34-fa56-52d41b79c396,f45c314c-0883-400a-b8f0-4509f0244819,Morrison Healthcare,Melbourne,321-434-9375,new_lead,prospect,0,72e61e57-07c2-da12-152e-63c8eb715068,4ca08d3e-458a-444d-a4a3-75e177d3bbdc
merge,AUTO,same phone + similar name,Dixie Crossroads,Titusville,321-268-5000,new_lead,prospect,0,89f764a9-7c97-5d60-912e-52d4222bb92f,36e9a096-729c-4a77-9f40-83e2113eed1f,Dixie's Crossroads,Titusville,321-268-5000,qualified,prospect,0,c4bec4c6-d550-0636-701c-55f18b152703,f17f8fe1-85bf-4f6f-b67e-ec7b54850f0b
merge,AUTO,same phone + similar name,Florida Institute of Technology,Melbourne,321-674-8000,new_lead,prospect,0,86b59ea0-cb92-4779-5e4c-668822bf0e1a,d2a76bb5-f2ee-4204-8f18-b412ae6d4387,Florida Institute Of Tech,Melbourne,321-674-8000,new_lead,prospect,0,88df0eb3-880d-453b-41d5-52d42d292067,2f7ff424-eb21-42c7-a32f-80c2ddd837c0
merge,AUTO,same phone + similar name,Hooters,Daytona Beach,386-238-0650,new_lead,prospect,0,2b951c1d-0dd9-3744-78bb-520bc3a3fdd0,f9747e62-f74b-4350-9929-c904d80d358a,"Hooters of America, Inc.",Daytona Beach,386-238-0650,new_lead,prospect,0,5cee21e2-ca2c-42ba-2068-5c6130234e1e,07fdb8f5-aba3-4c67-80a2-d6ebb6e08469
merge,AUTO,same phone + similar name,Americrown Service Corp,Daytona Beach,386-947-3800,new_lead,prospect,0,92944598-5fc9-72b2-5ff6-520bb85f4ac7,80668092-5274-4e3f-8d68-e971c906ddd6,Americrown,Daytona Beach,386-947-3800,new_lead,prospect,0,d3050b71-519c-89be-78ba-5c6130bb6d50,7f85ed83-5a8e-4689-be06-906b98f767a1
merge,AUTO,same phone + same contact,Too Jay's Original Gourmet,Melbourne,321-369-0450,new_lead,prospect,0,d7dd0af5-d81b-e791-2830-52d42bf3a778,a87b85da-3883-4034-a8a8-c482a364f61d,Toojay's Management Corporation,Melbourne,321-369-0450,new_lead,prospect,0,4d8d3a03-eddc-65fd-7b0e-5c6127ebb4db,3ae5c941-e164-4782-a33b-4d6338e74c03
merge,AUTO,same phone + similar name,Wings Pizza-N-Things,Daytona Beach,386-898-0626,qualified,prospect,0,c74137d4-4842-e549-daa4-5c6130701a9d,95f40839-7ea9-4dea-b58f-31b3e447d459,Wings-Pizza-N-Things,Daytona Beach,386-898-0626,new_lead,prospect,0,4a9fcc9c-5c46-aa10-12bb-520bca91457b,7440094c-f691-4f45-85fb-4ab5f5d1af0d
merge,AUTO,same phone + similar name,Off the Hook Raw Bar and Grill,New Smyrna Beach,386-402-9300,qualified,prospect,0,808b7f1d-6738-13fb-7d42-5c6130e84a40,3376b73f-fadd-4f8c-92d1-1f9079fce18b,Off The Hook Raw Bar & Grill,New Smyrna Beach,386-402-9300,new_lead,prospect,0,9f3da4b1-2ded-31b9-28ca-520bc6f1d42e,db148744-dc53-4c26-8aa4-5b20c14a59b3
merge,AUTO,same phone + similar name,Boston Fish House,New Smyrna Beach,386-424-0757,new_lead,prospect,0,2e37e064-62d6-a9a6-7b0b-5834a5359410,eeea7a06-80d9-4b62-8298-d69ab62af9a7,Boston's Fish House,New Smyrna Beach,386-424-0757,new_lead,prospect,0,b2890b20-9a8b-cee5-0fd3-520bbf4f4e91,ca23725a-3582-427d-a0d6-b087cf7b2d69
merge,AUTO,same phone + similar name,Koffee Kup Family Restaurant,Daytona Beach,386-255-1077,new_lead,prospect,0,8f43cb76-b17a-6444-a6cb-5c61300bfe43,6c09945f-0256-4619-ac70-8beff9a839d9,Koffee Kup Restaurant,Daytona Beach,386-255-1077,new_lead,prospect,0,a0e284dc-564b-e6ab-9067-520bc4ebfa4e,fe4b7e22-5c77-4168-92e0-bf22e6d28ad5
merge,AUTO,same phone + similar name,Ichabod's Dockside Bar,Melbourne,321-952-9532,new_lead,prospect,0,72731048-748e-ba82-d683-52d417a27972,c55ea3b8-1b37-4017-87cf-e41abb1dab7f,Ichabod's Dockside Bar & Grill,Melbourne,321-952-9532,new_lead,prospect,0,46423104-0e18-c9f9-c6f9-5617d3a7ba97,15d61b9f-bfe4-4196-8e33-2ed5c6d21bb1
merge,AUTO,same phone + similar name,Malibu's Restaurant,Rockledge,321-636-5090,new_lead,prospect,0,a0c85ef0-9316-8813-b86a-55f18abb673b,80861552-2671-43ec-a9e0-1c4638d7ef65,Malibu's Sports Grille & Bar,Rockledge,321-636-5090,new_lead,prospect,0,9a2c3d11-9adc-85d7-ef15-52d4266d72fe,fdfe7413-592b-4552-8b96-7b2192f856d7
merge,AUTO,same phone + similar name,Grills Seafood Deck,Port Canaveral,321-868-2226,new_lead,prospect,0,4b93da37-0a71-4d37-5db6-55a3c5c90a3f,03f04e81-e3ff-4d92-8d9c-6f292f4de6f5,Grills Seafood Deck & Tiki Bar,Cape Canaveral,321-868-2226,new_lead,prospect,0,85e30939-e19f-ea06-d257-52d4247dd7b7,70153d39-a0d5-4ecf-a350-c146c1aef2eb
merge,AUTO,same phone + similar name,Ron Jon Surf Shop,Cape Canaveral,321-328-2830,new_lead,prospect,0,86e12404-5c7c-0414-06be-52d429137465,98d38dfc-5ebe-407c-aaaf-7be8e48e712f,Ron Jon Surf Grill,Cape Canaveral,321-328-2830,new_lead,prospect,0,91dde708-1bd7-cae9-d40c-5499b21bae9d,eb602b02-95c1-425c-8d10-4f8c531b8c67
merge,AUTO,same phone + similar name,Pineda Inn,Rockledge,321-751-5311,new_lead,prospect,0,51dc2007-213a-082d-2024-55f2d0f9a269,e24e9b3f-abee-4021-ae2e-c4a158a0d434,Pineda Inn Bar & Grill,Rockledge,321-751-5311,new_lead,prospect,0,fe7e0447-e9d9-903d-55f9-52d4297790e3,273908f3-5ca9-4880-9019-6eab401196f9
merge,AUTO,same phone + similar name,Bubba Gump Shrimp Co Rest,Daytona Beach,386-947-8433,new_lead,prospect,0,ed10c789-8325-af01-da2c-5555d0773f42,72ac429b-c537-451a-a310-90bca68b30ef,Bubba Gump Shrimp Co,Daytona Beach,386-947-8433,new_lead,prospect,0,18a2e798-a236-b501-1bfd-520bbf045cd4,803c26e5-0edc-4eb5-b454-bb70b15c66e0
merge,AUTO,same phone + similar name,Garlic,New Smyrna Beach,386-424-6660,new_lead,prospect,0,a5936228-a309-fbd3-d3e7-520bc2b321a1,00494b30-422a-4447-a1b9-fc18ec6ddd6c,Garlic Catering,New Smyrna Beach,386-424-6660,new_lead,prospect,0,53dfdd92-3406-6643-1c5f-5555d08c72d7,85bcbff0-99ba-4bdd-a4e1-dc9477a21cd5
merge,AUTO,same phone + similar name,Checkers - Fps 192 3145 Inc,Melbourne,321-728-4267,new_lead,prospect,0,ecb33772-4743-9057-fc7b-5555c6b245d8,ba0de694-de73-444b-ab4f-3b278fa27745,Fps 192 3145 Inc,Melbourne,321-728-4267,new_lead,prospect,0,ab07c5b5-497f-569a-e5ca-5555c6e547d1,eaa4ddf8-4b00-4f04-b80f-a6373a4acea3
merge,AUTO,same phone + similar name,Norwood's Seafood Restaurant & Wine Shop,New Smyrna Beach,386-428-4621,new_lead,prospect,0,811f14ef-5371-c4a2-f741-5499a9a380dd,a2985e38-aca5-4e2a-afd0-d73e5c92e031,Norwood's Seafood Restaurant,New Smyrna Beach,386-428-4621,new_lead,prospect,0,be8f7323-6c3a-5eee-9d88-520bc698e0c7,a20e24c5-188b-4098-8fb3-fa23bf50deb4
merge,AUTO,same phone + similar name,River Lanes,Titusville,321-267-7118,closed_lost,prospect,0,d42dbbb0-5bc9-f2a1-98b4-52d418cca412,b65da75a-51a0-4b83-878e-02e0b4e486be,River Lanes Bowling Alley,Titusville,321-267-7118,new_lead,prospect,0,c8e1181c-20f7-3938-3bb8-5678177965a5,0f9d6f60-5410-4a27-9edc-f81bf56b94a0
merge,AUTO,same phone + similar name,Pirana Grill,Ormond Beach,386-673-3336,new_lead,prospect,0,2ac711e8-5b6c-ce42-879e-52e9257e25a1,5d15302c-7972-4331-ab5d-54a9455dbe9d,Piranha Grill,Ormond Beach,386-673-3336,qualified,prospect,0,c392de2f-c69d-0c69-c2f1-614f9adc581b,95f8e96b-aab6-4cf0-ad72-a06041598b84
merge,AUTO,same phone + similar name,Coconuts On The Beach,Cocoa Beach,321-784-1422,closed_won,customer,0,48faea00-3ef6-06fe-73f1-52d42172d73e,3d1d39dc-c8f6-4c80-a8f4-847d09b2149a,Coconuts On The Beach Rstrnt,Cocoa Beach,321-784-1422,new_lead,prospect,0,1a7fca37-49cb-f3c9-a1ba-52d421f0c8f5,0921f1ea-8166-4562-afbb-9b257bc0f68b
merge,AUTO,same phone + similar name,Big Tuna's Beach Bar & Grill,Daytona Beach,(386) 677-1235,closed_won,customer,0,f7110bea-5890-1317-56c6-68011f837727,6772c949-9c5d-4e26-980f-d0a17c16302a,Big Tunas Bar & Grill,Daytona Beach,386-677-1235,new_lead,prospect,0,9be431ab-fd8e-2b75-66f9-60c776dab2f2,5df93a1b-1ff6-4285-9d76-00349237865c
merge,AUTO,same phone + similar name,Bonefish Willy's,Melbourne,321-253-8888,new_lead,prospect,0,ee057d62-c81a-3845-faa8-549981f9a2ce,e9e9a6a3-88d2-452c-a6c7-2b03c7e581ce,Bonefish Willy's Riverfront,Melbourne,321-253-8888,new_lead,prospect,0,1946ebea-0bb9-1512-06a2-52d41fa7a8f4,3a5e46d7-55c6-4d53-adea-a45511844492
merge,AUTO,same phone + same contact,Ezlocal,New Smyrna Beach,386-428-9882,new_lead,prospect,0,7f6c051b-1ba1-49eb-eb47-5c6130fb81fb,8ced32d4-0382-4bf0-b6fc-cd3e6e4cb70b,Taco Shack,New Smyrna Beach,386-428-9882,new_lead,prospect,0,49f15b75-e6a2-acfc-fa53-520bc9181b0f,7508c487-7628-4f00-a660-32c7ab7b4f92
merge,AUTO,same phone + similar name,Inlet Harbor,Ponce Inlet,386-767-5590,closed_lost,prospect,0,73344777-9111-ca91-61a3-5239f6481a47,80718771-5f22-427f-ab25-56b465a6b953,Inlet Harbor Restaurant Marina,Ponce Inlet,386-767-5590,new_lead,prospect,0,2e36fb65-d20b-abca-3339-520bc35ef5f6,a029e8bc-2aff-4859-b2ba-16afb5c69921
merge,AUTO,same phone + similar name,Ivys Isla Del Encanto,Ormond Beach,386-492-7824,new_lead,prospect,0,befcf74d-94d0-bc4e-4244-520bc300952f,46f562a8-8501-4c1a-9958-b5f2e98eedc7,Ivy's Isla Del Encanto Rstrnt,Ormond Beach,386-492-7824,new_lead,prospect,0,73da11a6-17a7-8312-92e5-520bc34fb49a,2e4da097-b093-411f-a29c-2e55179759a0
merge,AUTO,same phone + similar name,Cracked Egg Diner Llc,Daytona Beach Shores,386-788-6772,new_lead,prospect,0,8e53e828-7be8-c5e3-c002-5c6130554df6,cd80a2a7-235a-4860-a19a-24d8232dcd41,Cracked Egg,Daytona Beach,386-788-6772,new_lead,prospect,0,d8b93e65-83c4-11b2-2113-520bc1692ef2,141e3de4-59ac-4422-b0b3-268993adbca9
merge,AUTO,same phone + similar name,Hawaiian Inn Daytona Beach Resort,Daytona Beach Shores,386-255-5411,new_lead,prospect,0,d6086d98-007e-b5c6-f40f-60e37a6f17bb,2d11632b-5b7a-46e8-a462-82a14c42f9c2,Hawaiian Inn,Daytona Beach,386-255-5411,new_lead,prospect,0,721fea70-bd56-a7b4-578f-520bbb6f1997,4216529f-6ab1-4f2c-b477-911ddd7dd61c
merge,AUTO,same phone + similar name,Uncle Waldo's Billiards,South Daytona,386-760-7006,closed_won,prospect,0,20aa093e-0ee3-2682-4ac4-520bb74718b2,0ecafd5d-afe5-48e0-84b6-1a5e16b772d4,Uncle Waldo's,Daytona Beach,386-760-7006,new_lead,prospect,0,44dcb0ff-3e9a-22e7-8fdb-6209c5ac15af,6da025c3-0078-4e56-ba6f-1866fd9aff21
merge,AUTO,same phone + similar name,Gametime,Daytona Beach,386-944-5495,new_lead,prospect,0,1fb96a83-1189-9112-33fb-5bec378cd2d4,7a87256b-b0a4-40bc-a397-6b957b3b814c,Game Time,Daytona Beach,386-944-5495,qualified,prospect,0,cc35b532-7aac-e85d-0ea0-601c50405db4,13f20e73-8f40-47aa-9e22-5f8fa5bf0c0a
merge,AUTO,same phone + similar name,sonnys bbq,orange city,386-775-9900,new_lead,prospect,0,95f1a79a-2e32-37d2-4a09-5e6a3ad1ae2d,cdfb4069-2cec-47d9-8fc9-9b10f4371823,Sonny's Bar-B-Q,Orange City,386-775-9900,new_lead,prospect,0,23f7a68d-dee2-e7d6-f191-520bc8876a2b,d17f776c-dad2-4c3d-a99c-f735fd829689
merge,AUTO,same phone + similar name,Sonny's BBQ-Orange City,Orange City,386-775-9900,new_lead,customer,0,,187605b4-bfd4-45a2-b678-4910dd72efd1,sonnys bbq,orange city,386-775-9900,new_lead,prospect,0,95f1a79a-2e32-37d2-4a09-5e6a3ad1ae2d,cdfb4069-2cec-47d9-8fc9-9b10f4371823
merge,AUTO,same phone + same contact,White Chapel Church - ASF,South Daytona,386-450-0554,closed_lost,prospect,0,d4ece439-d159-b7fe-9899-68a4d3b5f8af,79ea3207-f41a-416c-ab96-9ddab5d25ba4,Trinity Church - ASF,Deltona,386-450-0554,closed_lost,prospect,0,9e0fde9c-e14f-1444-4a74-68a4d346dcca,1de9274e-11eb-4748-b0c0-ebf0fb0801b3
merge,AUTO,same name + same address,Chumley's Depot,Melbourne,321-795-7695,closed_won,customer,0,4f87c2ab-6053-f711-c138-6930739c86a9,5cffec5d-bacf-4914-94e6-01f0c2e54219,(NA - FiltaClean service status pending) Chumley's Depot,Melbourne,321-208-5766,new_lead,prospect,0,6c66128b-8d50-13fc-ff54-693c3d53716f,775745c9-93ca-4803-93e5-d0037ae0e9be
merge,AUTO,same name + same address,AdventHealth New Smryna Beach,New Smyrna Beach,386-424-5000,closed_won,customer,0,41213194-a93f-efde-45c8-68d2d72d4d1d,9907eac5-a08b-4271-b930-8828c7b94230,Advent Health New Smyrna Beach,New Smyrna Beach,386-424-5128,new_lead,prospect,0,b7195365-e917-5db1-715c-60ecb8ade7a3,ccc1a65b-dce8-47e6-9b9b-e35da3a29066
merge,AUTO,same name + same address,Parrish Medical Center (HHS),Titusville,321-268-6111,closed_won,customer,0,b171860b-ba7f-b541-4a3f-691cf079c75e,28393820-9297-4b67-968f-41b02b582845,Parrish Medical Center,Titusville,321-225-7643,new_lead,prospect,0,52c12ef3-1c8f-24be-de56-54be7482e123,adfb863c-5887-47d5-9458-4908a50dddd1