company_name,ff_monthly,fs_monthly,fg_monthly,last_service_date
31 Supper Club,370.0,0.0,0.0,2026-05-30
Aden Senior Living,300.0,0.0,0.0,2026-05-30
Advent Health Daytona Beach,1202.0,270.0,0.0,2026-05-31
AdventHealth DeLand,1026.0,880.0,0.0,2026-05-30
AdventHealth Fish Memorial,674.0,1100.0,0.0,2026-05-30
AdventHealth New Smryna Beach,674.0,0.0,0.0,2026-05-30
Big Tunas Beach Bar/Grill,1176.0,0.0,0.0,2026-05-30
COA,571.0,0.0,0.0,2026-05-30
Cafe One,104.0,0.0,0.0,2026-05-30
Cape Canaveral Hospital,651.2,0.0,0.0,2026-05-30
Caribbean Jack's,916.0,0.0,0.0,2026-05-30
Cast &amp; Crew (deleted),476.0,0.0,0.0,2026-04-04
Charlie Horse Restaurant,682.0,0.0,0.0,2026-05-30
Chumley's Depot,550.0,160.0,0.0,2026-05-30
Coasters Pub,37.5,0.0,0.0,2026-05-30
Coconuts on the Beach,916.0,200.0,0.0,2026-05-30
Collins Aerospace,468.6,0.0,0.0,2026-05-30
Courtyard Daytona Beach Speedway/Airport,155.0,0.0,0.0,2026-05-30
Daytona Airport - Java Moon Restaurant,282.0,0.0,0.0,2026-05-30
Daytona International Speedway/Levy,1810.5,0.0,0.0,2026-03-15
Daytona Lagoon,450.0,0.0,0.0,2026-05-30
Daytona State College,704.0,0.0,0.0,2026-05-30
Daytona Tortugas,60.0,0.0,0.0,2026-05-29
Double Tapp Grille,330.0,0.0,0.0,2026-05-30
ERAU - Qdoba,160.0,0.0,0.0,2026-05-02
ERAU Boundless,990.0,0.0,1962.8,2026-05-09
ERAU Chick-Fil-A,1652.0,0.0,0.0,2026-04-25
ERAU Food Truck,240.0,0.0,569.0,2026-04-25
ERAU Propellers,472.5,0.0,1208.6,2026-05-02
ERAU Refueling Station,1925.0,0.0,3124.0,2026-05-30
Elks Lodge - Ormond,65.0,0.0,0.0,2026-05-30
Florida Seafood Company,192.0,0.0,0.0,2026-05-30
Fugu Sushi,440.0,0.0,0.0,2026-05-30
Halifax Health Deltona,1012.0,0.0,0.0,2026-05-30
Halifax Health-France Tower,680.0,0.0,0.0,2026-05-30
Halifax Health-Main Kitchen,877.0,0.0,0.0,2026-05-30
Halifax Plantation - Tavern Restaurant,414.0,0.0,0.0,2026-05-30
Hog Heaven,360.0,0.0,0.0,2026-05-30
Holmes Regional Medical Center,1821.6,594.0,0.0,2026-05-30
Huey Magoo's - Beville Road,80.0,0.0,0.0,2026-05-23
Hull's Seafood,1702.8,500.0,0.0,2026-05-29
Hyde Park Steakhouse,903.4,0.0,0.0,2026-05-30
Iron Horse Saloon,264.0,0.0,0.0,2026-05-30
Jersey Brothers Diner,207.0,480.0,0.0,2026-05-30
Jimmy Hula's - Melbourne,590.0,0.0,0.0,2026-05-30
Jimmy Hula's - New Smyrna Beach,586.0,40.0,0.0,2026-05-30
Jimmy Hula's -Ormond Beach,570.0,0.0,0.0,2026-05-30
Jimmy Hulas-Port Orange,570.0,0.0,0.0,2026-05-30
Lenox at Merritt Island (Pacifica Residential Living),572.0,0.0,0.0,2026-05-30
Lil Mama's Kitchen,11.0,0.0,0.0,2026-01-22
Lost Lagoon,814.0,0.0,0.0,2026-05-30
Luna Food and Wine,189.0,0.0,0.0,2026-05-30
Mel's Tiki Cafe,0.0,300.0,0.0,2026-05-25
Melbourne Regional Hospital,792.0,0.0,0.0,2026-05-30
Merk's Bar and Grill,762.0,0.0,0.0,2026-05-30
Moose Lodge - Ormond,264.0,0.0,0.0,2026-05-30
Murph's Patio Bar/Grill,635.0,0.0,0.0,2026-05-30
Nice N Easy Oyster Bar and Grille,450.0,0.0,0.0,2026-05-30
Nolan's Irish Pub,396.0,0.0,0.0,2026-05-30
Northrop Grumman,696.0,0.0,0.0,2026-05-30
Ocean Breeze Bar & Grill,1320.0,0.0,0.0,2026-05-30
Oyster Pub,880.0,0.0,0.0,2026-05-30
Palm Bay Hospital,607.2,240.0,0.0,2026-05-30
Palm Shores Bistro,264.0,0.0,0.0,2026-05-30
Parrish Medical Center (HHS),1012.0,0.0,0.0,2026-05-30
Pineapples,0.0,340.0,0.0,2026-05-09
Pocket and Putters,308.0,0.0,0.0,2026-05-30
Prost!,244.0,0.0,0.0,2026-05-30
Rising Tide Tap and Table,916.0,0.0,0.0,2026-05-30
Rose Villa,550.0,0.0,0.0,2026-05-30
Sea Pines Rehabilitation Hospital,214.0,0.0,0.0,2026-05-30
Sonny's BBQ-Orange City,506.0,840.0,0.0,2026-05-30
Sonny's BBQ-Port Orange,506.0,0.0,0.0,2026-05-30
SpaceX,2303.94,13542.2,0.0,2026-05-30
Squid Lips - Cocoa Beach,964.0,80.0,0.0,2026-05-30
Squid Lips - Melbourne,1056.0,0.0,0.0,2026-05-30
Stetson University,1140.0,0.0,0.0,2026-05-16
TNT BBQ and Grill,269.6,70.0,0.0,2026-05-22
The Beach Bucket,1232.0,0.0,0.0,2026-05-30
The Canopy at Hickory Creek,437.0,166.2,0.0,2026-05-30
The Filling Cafe,154.0,0.0,0.0,2026-05-30
The Funnel King,169.0,0.0,0.0,2026-05-25
The Pig and Whistle,484.0,0.0,0.0,2026-05-30
Tipsy Tavern,352.0,0.0,0.0,2026-05-30
Tropics Cocktail Bar,484.0,0.0,0.0,2026-05-30
VFW Post 4534,216.0,0.0,0.0,2026-05-30
Viera Hospital,1465.2,300.0,0.0,2026-05-30
Village Cafe,189.2,0.0,0.0,2026-05-30
Walk-Ons Sports Bistreaux,0.0,290.0,0.0,2026-03-23
Whole Foods - Viera,1188.0,0.0,0.0,2026-05-30
Winola Farm Grocery and Deli,64.0,0.0,0.0,2026-05-30
Wyndham Ocean Walk,612.0,0.0,0.0,2026-05-30
